{
  "levels": [
    {
      "id": "poem_223",
      "name": "王维：鹿柴",
      "description": "空山不见人，但闻人语响。返景入深林，复照青苔上。...",
      "characters": "空山",
      "numCharacters": 2,
      "totalStrokes": 0,
      "difficulty": "easy",
      "maxHP": 100,
      "estimatedTime": "2-3 mins"
    },
    {
      "id": "poem_224",
      "name": "王维：鹿柴",
      "description": "空山不见人，但闻人语响。返景入深林，复照青苔上。...",
      "characters": "空山不见人但闻人语响返景入深林复照青苔上",
      "numCharacters": 20,
      "totalStrokes": 0,
      "difficulty": "easy",
      "maxHP": 100,
      "estimatedTime": "2-3 mins"
    },
    {
      "id": "poem_225",
      "name": "王维：竹里馆",
      "description": "独坐幽篁里，弹琴复长啸。深林人不知，明月来相照。...",
      "characters": "独坐幽篁里弹琴复长啸深林人不知明月来相照",
      "numCharacters": 20,
      "totalStrokes": 0,
      "difficulty": "easy",
      "maxHP": 100,
      "estimatedTime": "2-3 mins"
    },
    {
      "id": "poem_226",
      "name": "王维：送别",
      "description": "山中相送罢，日暮掩柴扉。春草明年绿，王孙归不归？...",
      "characters": "山中相送罢日暮掩柴扉春草明年绿王孙归不归",
      "numCharacters": 20,
      "totalStrokes": 0,
      "difficulty": "easy",
      "maxHP": 100,
      "estimatedTime": "2-3 mins"
    },
    {
      "id": "poem_227",
      "name": "王维：相思",
      "description": "红豆生南国，春来发几枝？愿君多采撷，此物最相思。...",
      "characters": "红豆生南国春来发几枝愿君多采撷此物最相思",
      "numCharacters": 20,
      "totalStrokes": 0,
      "difficulty": "easy",
      "maxHP": 100,
      "estimatedTime": "2-3 mins"
    },
    {
      "id": "poem_228",
      "name": "王维：杂诗",
      "description": "君自故乡来，应知故乡事。来日绮窗前，寒梅著花未？...",
      "characters": "君自故乡来应知故乡事来日绮窗前寒梅著花未",
      "numCharacters": 20,
      "totalStrokes": 0,
      "difficulty": "easy",
      "maxHP": 100,
      "estimatedTime": "2-3 mins"
    },
    {
      "id": "poem_229",
      "name": "裴迪：送崔九",
      "description": "归山深浅去，须尽丘壑美。莫学武陵人，暂游桃源里。...",
      "characters": "归山深浅去须尽丘壑美莫学武陵人暂游桃源里",
      "numCharacters": 20,
      "totalStrokes": 0,
      "difficulty": "easy",
      "maxHP": 100,
      "estimatedTime": "2-3 mins"
    },
    {
      "id": "poem_230",
      "name": "祖咏：终南望馀雪",
      "description": "终南阴岭秀，积雪浮云端。林表明霁色，城中增暮寒。...",
      "characters": "终南阴岭秀积雪浮云端林表明霁色城中增暮寒",
      "numCharacters": 20,
      "totalStrokes": 0,
      "difficulty": "easy",
      "maxHP": 100,
      "estimatedTime": "2-3 mins"
    },
    {
      "id": "poem_231",
      "name": "孟浩然：宿建德江",
      "description": "移舟泊烟渚，日暮客愁新。野旷天低树，江清月近人。...",
      "characters": "移舟泊烟渚日暮客愁新野旷天低树江清月近人",
      "numCharacters": 20,
      "totalStrokes": 0,
      "difficulty": "easy",
      "maxHP": 100,
      "estimatedTime": "2-3 mins"
    },
    {
      "id": "poem_232",
      "name": "孟浩然：春晓",
      "description": "春眠不觉晓，处处闻啼鸟。夜来风雨声，花落知多少？...",
      "characters": "春眠不觉晓处处闻啼鸟夜来风雨声花落知多少",
      "numCharacters": 20,
      "totalStrokes": 0,
      "difficulty": "easy",
      "maxHP": 100,
      "estimatedTime": "2-3 mins"
    },
    {
      "id": "poem_233",
      "name": "李白：夜思",
      "description": "床前明月光，疑是地上霜。举头望明月，低头思故乡。...",
      "characters": "床前明月光疑是地上霜举头望明月低头思故乡",
      "numCharacters": 20,
      "totalStrokes": 0,
      "difficulty": "easy",
      "maxHP": 100,
      "estimatedTime": "2-3 mins"
    },
    {
      "id": "poem_234",
      "name": "李白：怨情",
      "description": "美人卷珠帘，深坐蹙蛾眉。但见泪痕湿，不知心恨谁？...",
      "characters": "美人卷珠帘深坐蹙蛾眉但见泪痕湿不知心恨谁",
      "numCharacters": 20,
      "totalStrokes": 0,
      "difficulty": "easy",
      "maxHP": 100,
      "estimatedTime": "2-3 mins"
    },
    {
      "id": "poem_235",
      "name": "杜甫：八阵图",
      "description": "功盖三分国，名成八阵图。江流石不转，遗恨失吞吴。...",
      "characters": "功盖三分国名成八阵图江流石不转遗恨失吞吴",
      "numCharacters": 20,
      "totalStrokes": 0,
      "difficulty": "easy",
      "maxHP": 100,
      "estimatedTime": "2-3 mins"
    },
    {
      "id": "poem_236",
      "name": "王之涣：登鹳雀楼",
      "description": "白日依山尽，黄河入海流。欲穷千里目，更上一层楼。...",
      "characters": "白日依山尽黄河入海流欲穷千里目更上一层楼",
      "numCharacters": 20,
      "totalStrokes": 0,
      "difficulty": "easy",
      "maxHP": 100,
      "estimatedTime": "2-3 mins"
    },
    {
      "id": "poem_237",
      "name": "刘长卿：送灵澈",
      "description": "苍苍竹林寺，杳杳钟声晚。荷笠带斜阳，青山独归远。...",
      "characters": "苍苍竹林寺杳杳钟声晚荷笠带斜阳青山独归远",
      "numCharacters": 20,
      "totalStrokes": 0,
      "difficulty": "easy",
      "maxHP": 100,
      "estimatedTime": "2-3 mins"
    },
    {
      "id": "poem_238",
      "name": "刘长卿：弹琴",
      "description": "泠泠七弦上，静听松风寒。古调虽自爱，今人多不弹。...",
      "characters": "泠泠七弦上静听松风寒古调虽自爱今人多不弹",
      "numCharacters": 20,
      "totalStrokes": 0,
      "difficulty": "easy",
      "maxHP": 100,
      "estimatedTime": "2-3 mins"
    },
    {
      "id": "poem_239",
      "name": "刘长卿：送上人",
      "description": "孤云将野鹤，岂向人间住！莫买沃洲山，时人已知处。...",
      "characters": "孤云将野鹤岂向人间住莫买沃洲山时人已知处",
      "numCharacters": 20,
      "totalStrokes": 0,
      "difficulty": "easy",
      "maxHP": 100,
      "estimatedTime": "2-3 mins"
    },
    {
      "id": "poem_240",
      "name": "韦应物：秋夜寄邱员外",
      "description": "怀君属秋夜，散步咏凉天。空山松子落，幽人应未眠。...",
      "characters": "怀君属秋夜散步咏凉天空山松子落幽人应未眠",
      "numCharacters": 20,
      "totalStrokes": 0,
      "difficulty": "easy",
      "maxHP": 100,
      "estimatedTime": "2-3 mins"
    },
    {
      "id": "poem_241",
      "name": "李端：听筝",
      "description": "鸣筝金粟柱，素手玉房前。欲得周郎顾，时时误拂弦。...",
      "characters": "鸣筝金粟柱素手玉房前欲得周郎顾时时误拂弦",
      "numCharacters": 20,
      "totalStrokes": 0,
      "difficulty": "easy",
      "maxHP": 100,
      "estimatedTime": "2-3 mins"
    },
    {
      "id": "poem_242",
      "name": "王建：新嫁娘",
      "description": "三日入厨下，洗手作羹汤。未谙姑食性，先遣小姑尝。...",
      "characters": "三日入厨下洗手作羹汤未谙姑食性先遣小姑尝",
      "numCharacters": 20,
      "totalStrokes": 0,
      "difficulty": "easy",
      "maxHP": 100,
      "estimatedTime": "2-3 mins"
    },
    {
      "id": "poem_243",
      "name": "权德舆：玉台体",
      "description": "昨夜裙带解，今朝喜子飞。铅华不可弃，莫是藁砧归。...",
      "characters": "昨夜裙带解今朝喜子飞铅华不可弃莫是藁砧归",
      "numCharacters": 20,
      "totalStrokes": 0,
      "difficulty": "easy",
      "maxHP": 100,
      "estimatedTime": "2-3 mins"
    },
    {
      "id": "poem_244",
      "name": "柳宗元：江雪",
      "description": "千山鸟飞绝，万径人踪灭。孤舟蓑笠翁，独钓寒江雪。...",
      "characters": "千山鸟飞绝万径人踪灭孤舟蓑笠翁独钓寒江雪",
      "numCharacters": 20,
      "totalStrokes": 0,
      "difficulty": "easy",
      "maxHP": 100,
      "estimatedTime": "2-3 mins"
    },
    {
      "id": "poem_245",
      "name": "元稹：行宫",
      "description": "寥落古行宫，宫花寂寞红。白头宫女在，闲坐说玄宗。...",
      "characters": "寥落古行宫宫花寂寞红白头宫女在闲坐说玄宗",
      "numCharacters": 20,
      "totalStrokes": 0,
      "difficulty": "easy",
      "maxHP": 100,
      "estimatedTime": "2-3 mins"
    },
    {
      "id": "poem_246",
      "name": "白居易：问刘十九",
      "description": "绿蚁新醅酒，红泥小火炉。晚来天欲雪，能饮一杯无？...",
      "characters": "绿蚁新醅酒红泥小火炉晚来天欲雪能饮一杯无",
      "numCharacters": 20,
      "totalStrokes": 0,
      "difficulty": "easy",
      "maxHP": 100,
      "estimatedTime": "2-3 mins"
    },
    {
      "id": "poem_247",
      "name": "张祜：何满子",
      "description": "故国三千里，深宫二十年。一声何满子，双泪落君前。...",
      "characters": "故国三千里深宫二十年一声何满子双泪落君前",
      "numCharacters": 20,
      "totalStrokes": 0,
      "difficulty": "easy",
      "maxHP": 100,
      "estimatedTime": "2-3 mins"
    },
    {
      "id": "poem_248",
      "name": "李商隐：登乐游原",
      "description": "向晚意不适，驱车登古原。夕阳无限好，只是近黄昏。...",
      "characters": "向晚意不适驱车登古原夕阳无限好只是近黄昏",
      "numCharacters": 20,
      "totalStrokes": 0,
      "difficulty": "easy",
      "maxHP": 100,
      "estimatedTime": "2-3 mins"
    },
    {
      "id": "poem_249",
      "name": "贾岛：寻隐者不遇",
      "description": "松下问童子，言师采药去。只在此山中，云深不知处。...",
      "characters": "松下问童子言师采药去只在此山中云深不知处",
      "numCharacters": 20,
      "totalStrokes": 0,
      "difficulty": "easy",
      "maxHP": 100,
      "estimatedTime": "2-3 mins"
    },
    {
      "id": "poem_250",
      "name": "李频：渡汉江",
      "description": "岭外音书绝，经冬复立春。近乡情更怯，不敢问来人。",
      "characters": "岭外音书绝经冬复立春近乡情更怯不敢问来人",
      "numCharacters": 20,
      "totalStrokes": 0,
      "difficulty": "easy",
      "maxHP": 100,
      "estimatedTime": "2-3 mins"
    },
    {
      "id": "poem_251",
      "name": "金昌绪：春怨",
      "description": "打起黄莺儿，莫教枝上啼。啼时惊妾梦，不得到辽西。...",
      "characters": "打起黄莺儿莫教枝上啼啼时惊妾梦不得到辽西",
      "numCharacters": 20,
      "totalStrokes": 0,
      "difficulty": "easy",
      "maxHP": 100,
      "estimatedTime": "2-3 mins"
    },
    {
      "id": "poem_252",
      "name": "西鄙人：哥舒歌",
      "description": "北斗七星高，哥舒夜带刀。至今窥牧马，不敢过临洮。...",
      "characters": "北斗七星高哥舒夜带刀至今窥牧马不敢过临洮",
      "numCharacters": 20,
      "totalStrokes": 0,
      "difficulty": "easy",
      "maxHP": 100,
      "estimatedTime": "2-3 mins"
    },
    {
      "id": "poem_253",
      "name": "崔颢：长干行二首之一",
      "description": "君家何处住，妾住在横塘。停船暂借问，或恐是同乡。...",
      "characters": "君家何处住妾住在横塘停船暂借问或恐是同乡",
      "numCharacters": 20,
      "totalStrokes": 0,
      "difficulty": "easy",
      "maxHP": 100,
      "estimatedTime": "2-3 mins"
    },
    {
      "id": "poem_254",
      "name": "崔颢：长干行二首之二",
      "description": "家临九江水，来去九江侧。同是长干人，生小不相识。...",
      "characters": "家临九江水来去九江侧同是长干人生小不相识",
      "numCharacters": 20,
      "totalStrokes": 0,
      "difficulty": "medium",
      "maxHP": 150,
      "estimatedTime": "2-3 mins"
    },
    {
      "id": "poem_255",
      "name": "李白：玉阶怨",
      "description": "玉阶生白露，夜久侵罗袜。却下水晶帘，玲珑望秋月。...",
      "characters": "玉阶生白露夜久侵罗袜却下水晶帘玲珑望秋月",
      "numCharacters": 20,
      "totalStrokes": 0,
      "difficulty": "medium",
      "maxHP": 150,
      "estimatedTime": "2-3 mins"
    },
    {
      "id": "poem_256",
      "name": "卢纶：塞下曲四首之一",
      "description": "鹫翎金仆姑，燕尾绣蝥弧。独立扬新令，千营共一呼。...",
      "characters": "鹫翎金仆姑燕尾绣蝥弧独立扬新令千营共一呼",
      "numCharacters": 20,
      "totalStrokes": 0,
      "difficulty": "medium",
      "maxHP": 150,
      "estimatedTime": "2-3 mins"
    },
    {
      "id": "poem_257",
      "name": "卢纶：塞下曲四首之二",
      "description": "林暗草惊风，将军夜引弓。平明寻白羽，没在石棱中。...",
      "characters": "林暗草惊风将军夜引弓平明寻白羽没在石棱中",
      "numCharacters": 20,
      "totalStrokes": 0,
      "difficulty": "medium",
      "maxHP": 150,
      "estimatedTime": "2-3 mins"
    },
    {
      "id": "poem_258",
      "name": "卢纶：塞下曲四首之三",
      "description": "月黑雁飞高，单于夜遁逃。欲将轻骑逐，大雪满弓刀。...",
      "characters": "月黑雁飞高单于夜遁逃欲将轻骑逐大雪满弓刀",
      "numCharacters": 20,
      "totalStrokes": 0,
      "difficulty": "medium",
      "maxHP": 150,
      "estimatedTime": "2-3 mins"
    },
    {
      "id": "poem_259",
      "name": "卢纶：塞下曲四首之四",
      "description": "野幕蔽琼筵，羌戎贺劳旋。醉和金甲舞，雷鼓动山川。...",
      "characters": "野幕蔽琼筵羌戎贺劳旋醉和金甲舞雷鼓动山川",
      "numCharacters": 20,
      "totalStrokes": 0,
      "difficulty": "medium",
      "maxHP": 150,
      "estimatedTime": "2-3 mins"
    },
    {
      "id": "poem_260",
      "name": "李益：江南曲",
      "description": "嫁得瞿塘贾，朝朝误妾期。早知潮有信，嫁与弄潮儿。...",
      "characters": "嫁得瞿塘贾朝朝误妾期早知潮有信嫁与弄潮儿",
      "numCharacters": 20,
      "totalStrokes": 0,
      "difficulty": "medium",
      "maxHP": 150,
      "estimatedTime": "2-3 mins"
    },
    {
      "id": "poem_261",
      "name": "贺知章：回乡偶书",
      "description": "少小离家老大回，乡音无改鬓毛衰。儿童相见不相识，笑问客从何处...",
      "characters": "少小离家老大回乡音无改鬓毛衰儿童相见不相识笑问客从何处来",
      "numCharacters": 28,
      "totalStrokes": 0,
      "difficulty": "medium",
      "maxHP": 150,
      "estimatedTime": "2-3 mins"
    },
    {
      "id": "poem_262",
      "name": "张旭：桃花溪",
      "description": "隐隐飞桥隔野烟，石矶西畔问渔船。桃花尽日随流水，洞在清溪何处...",
      "characters": "隐隐飞桥隔野烟石矶西畔问渔船桃花尽日随流水洞在清溪何处边",
      "numCharacters": 28,
      "totalStrokes": 0,
      "difficulty": "medium",
      "maxHP": 150,
      "estimatedTime": "2-3 mins"
    },
    {
      "id": "poem_263",
      "name": "王维：九月九日忆山东兄弟",
      "description": "独在异乡为异客，每逢佳节倍思亲。遥知兄弟登高处，遍插茱萸少一...",
      "characters": "独在异乡为异客每逢佳节倍思亲遥知兄弟登高处遍插茱萸少一人",
      "numCharacters": 28,
      "totalStrokes": 0,
      "difficulty": "medium",
      "maxHP": 150,
      "estimatedTime": "2-3 mins"
    },
    {
      "id": "poem_264",
      "name": "王昌龄：芙蓉楼送辛渐",
      "description": "寒雨连江夜入吴，平明送客楚山孤。洛阳亲友如相问，一片冰心在玉...",
      "characters": "寒雨连江夜入吴平明送客楚山孤洛阳亲友如相问一片冰心在玉壶",
      "numCharacters": 28,
      "totalStrokes": 0,
      "difficulty": "medium",
      "maxHP": 150,
      "estimatedTime": "2-3 mins"
    },
    {
      "id": "poem_265",
      "name": "王昌龄：闺怨",
      "description": "闺中少妇不知愁，春日凝妆上翠楼。忽见陌头杨柳色，悔教夫婿觅封...",
      "characters": "闺中少妇不知愁春日凝妆上翠楼忽见陌头杨柳色悔教夫婿觅封侯",
      "numCharacters": 28,
      "totalStrokes": 0,
      "difficulty": "medium",
      "maxHP": 150,
      "estimatedTime": "2-3 mins"
    },
    {
      "id": "poem_266",
      "name": "王昌龄：春宫曲",
      "description": "昨夜风开露井桃，未央前殿月轮高。平阳歌舞新承宠，帘外春寒赐锦...",
      "characters": "昨夜风开露井桃未央前殿月轮高平阳歌舞新承宠帘外春寒赐锦袍",
      "numCharacters": 28,
      "totalStrokes": 0,
      "difficulty": "medium",
      "maxHP": 150,
      "estimatedTime": "2-3 mins"
    },
    {
      "id": "poem_267",
      "name": "王翰：凉州词",
      "description": "葡萄美酒夜光杯，欲饮琵琶马上催。醉卧沙场君莫笑，古来征战几人...",
      "characters": "葡萄美酒夜光杯欲饮琵琶马上催醉卧沙场君莫笑古来征战几人回",
      "numCharacters": 28,
      "totalStrokes": 0,
      "difficulty": "medium",
      "maxHP": 150,
      "estimatedTime": "2-3 mins"
    },
    {
      "id": "poem_268",
      "name": "李白：送孟浩然之广陵",
      "description": "故人西辞黄鹤楼，烟花三月下扬州。孤帆远影碧空尽，惟见长江天际...",
      "characters": "故人西辞黄鹤楼烟花三月下扬州孤帆远影碧空尽惟见长江天际流",
      "numCharacters": 28,
      "totalStrokes": 0,
      "difficulty": "medium",
      "maxHP": 150,
      "estimatedTime": "2-3 mins"
    },
    {
      "id": "poem_269",
      "name": "李白：下江陵",
      "description": "朝辞白帝彩云间，千里江陵一日还。两岸猿声啼不住，轻舟已过万重...",
      "characters": "朝辞白帝彩云间千里江陵一日还两岸猿声啼不住轻舟已过万重山",
      "numCharacters": 28,
      "totalStrokes": 0,
      "difficulty": "medium",
      "maxHP": 150,
      "estimatedTime": "2-3 mins"
    },
    {
      "id": "poem_270",
      "name": "岑参：逢入京使",
      "description": "故园东望路漫漫，双袖龙钟泪不干。马上相逢无纸笔，凭君传语报平...",
      "characters": "故园东望路漫漫双袖龙钟泪不干马上相逢无纸笔凭君传语报平安",
      "numCharacters": 28,
      "totalStrokes": 0,
      "difficulty": "medium",
      "maxHP": 150,
      "estimatedTime": "2-3 mins"
    },
    {
      "id": "poem_271",
      "name": "杜甫：江南逢李龟年",
      "description": "岐王宅里寻常见，崔九堂前几度闻。正是江南好风景，落花时节又逢...",
      "characters": "岐王宅里寻常见崔九堂前几度闻正是江南好风景落花时节又逢君",
      "numCharacters": 28,
      "totalStrokes": 0,
      "difficulty": "medium",
      "maxHP": 150,
      "estimatedTime": "2-3 mins"
    },
    {
      "id": "poem_272",
      "name": "韦应物：滁州西涧",
      "description": "独怜幽草涧边生，上有黄鹂深树鸣。春潮带雨晚来急，野渡无人舟自...",
      "characters": "独怜幽草涧边生上有黄鹂深树鸣春潮带雨晚来急野渡无人舟自横",
      "numCharacters": 28,
      "totalStrokes": 0,
      "difficulty": "medium",
      "maxHP": 150,
      "estimatedTime": "2-3 mins"
    },
    {
      "id": "poem_273",
      "name": "张继：枫桥夜泊",
      "description": "月落乌啼霜满天，江枫渔火对愁眠。姑苏城外寒山寺，夜半钟声到客...",
      "characters": "月落乌啼霜满天江枫渔火对愁眠姑苏城外寒山寺夜半钟声到客船",
      "numCharacters": 28,
      "totalStrokes": 0,
      "difficulty": "medium",
      "maxHP": 150,
      "estimatedTime": "2-3 mins"
    },
    {
      "id": "poem_274",
      "name": "韩：寒食",
      "description": "春城无处不飞花，寒食东风御柳斜。日暮汉宫传蜡烛，轻烟散入五侯...",
      "characters": "春城无处不飞花寒食东风御柳斜日暮汉宫传蜡烛轻烟散入五侯家",
      "numCharacters": 28,
      "totalStrokes": 0,
      "difficulty": "medium",
      "maxHP": 150,
      "estimatedTime": "2-3 mins"
    },
    {
      "id": "poem_275",
      "name": "刘方平：月夜",
      "description": "更深月色半人家，北斗阑干南斗斜。今夜偏知春气暖，虫声新透绿窗...",
      "characters": "更深月色半人家北斗阑干南斗斜今夜偏知春气暖虫声新透绿窗纱",
      "numCharacters": 28,
      "totalStrokes": 0,
      "difficulty": "medium",
      "maxHP": 150,
      "estimatedTime": "2-3 mins"
    },
    {
      "id": "poem_276",
      "name": "刘方平：春怨",
      "description": "纱窗日落渐黄昏，金屋无人见泪痕。寂寞空庭春欲晚，梨花满地不开...",
      "characters": "纱窗日落渐黄昏金屋无人见泪痕寂寞空庭春欲晚梨花满地不开门",
      "numCharacters": 28,
      "totalStrokes": 0,
      "difficulty": "medium",
      "maxHP": 150,
      "estimatedTime": "2-3 mins"
    },
    {
      "id": "poem_277",
      "name": "柳中庸：征人怨",
      "description": "岁岁金河复玉关，朝朝马策与刀环。三春白雪归青冢，万里黄河绕黑...",
      "characters": "岁岁金河复玉关朝朝马策与刀环三春白雪归青冢万里黄河绕黑山",
      "numCharacters": 28,
      "totalStrokes": 0,
      "difficulty": "medium",
      "maxHP": 150,
      "estimatedTime": "2-3 mins"
    },
    {
      "id": "poem_278",
      "name": "顾况：宫词",
      "description": "玉楼天半起笙歌，风送宫嫔笑语和。月殿影开闻夜漏，水晶帘卷近秋...",
      "characters": "玉楼天半起笙歌风送宫嫔笑语和月殿影开闻夜漏水晶帘卷近秋河",
      "numCharacters": 28,
      "totalStrokes": 0,
      "difficulty": "medium",
      "maxHP": 150,
      "estimatedTime": "2-3 mins"
    },
    {
      "id": "poem_279",
      "name": "李益：夜上受降城闻笛",
      "description": "回乐峰前沙似雪，受降城外月如霜。不知何处吹芦管，一夜征人尽望...",
      "characters": "回乐峰前沙似雪受降城外月如霜不知何处吹芦管一夜征人尽望乡",
      "numCharacters": 28,
      "totalStrokes": 0,
      "difficulty": "medium",
      "maxHP": 150,
      "estimatedTime": "2-3 mins"
    },
    {
      "id": "poem_280",
      "name": "刘禹锡：乌衣巷",
      "description": "朱雀桥边野草花，乌衣巷口夕阳斜。旧时王谢堂前燕，飞入寻常百姓...",
      "characters": "朱雀桥边野草花乌衣巷口夕阳斜旧时王谢堂前燕飞入寻常百姓家",
      "numCharacters": 28,
      "totalStrokes": 0,
      "difficulty": "medium",
      "maxHP": 150,
      "estimatedTime": "2-3 mins"
    },
    {
      "id": "poem_281",
      "name": "刘禹锡：春词",
      "description": "新妆宜面下朱楼，深锁春光一院愁。行到中庭数花朵，蜻蜓飞上玉搔...",
      "characters": "新妆宜面下朱楼深锁春光一院愁行到中庭数花朵蜻蜓飞上玉搔头",
      "numCharacters": 28,
      "totalStrokes": 0,
      "difficulty": "medium",
      "maxHP": 150,
      "estimatedTime": "2-3 mins"
    },
    {
      "id": "poem_282",
      "name": "白居易：后宫词",
      "description": "泪湿罗巾梦不成，夜深前殿按歌声。红颜未老恩先断，斜倚薰笼坐到...",
      "characters": "泪湿罗巾梦不成夜深前殿按歌声红颜未老恩先断斜倚薰笼坐到明",
      "numCharacters": 28,
      "totalStrokes": 0,
      "difficulty": "medium",
      "maxHP": 150,
      "estimatedTime": "2-3 mins"
    },
    {
      "id": "poem_283",
      "name": "张祜：赠内人",
      "description": "禁门宫树月痕过，媚眼惟看宿鹭窠。斜拔玉钗灯影畔，剔开红焰救飞...",
      "characters": "禁门宫树月痕过媚眼惟看宿鹭窠斜拔玉钗灯影畔剔开红焰救飞蛾",
      "numCharacters": 28,
      "totalStrokes": 0,
      "difficulty": "medium",
      "maxHP": 150,
      "estimatedTime": "2-3 mins"
    },
    {
      "id": "poem_284",
      "name": "张祜：集灵台二首之一",
      "description": "日光斜照集灵台，红树花迎晓露开。昨夜上皇新授",
      "characters": "日光斜照集灵台红树花迎晓露开昨夜上皇新授录太真含笑入帘来",
      "numCharacters": 28,
      "totalStrokes": 0,
      "difficulty": "hard",
      "maxHP": 200,
      "estimatedTime": "2-3 mins"
    },
    {
      "id": "poem_285",
      "name": "张祜：集灵台二首之二",
      "description": "虢国夫人承主恩，平明骑马入宫门。却嫌脂粉污颜色，淡扫蛾眉朝至...",
      "characters": "虢国夫人承主恩平明骑马入宫门却嫌脂粉污颜色淡扫蛾眉朝至尊",
      "numCharacters": 28,
      "totalStrokes": 0,
      "difficulty": "hard",
      "maxHP": 200,
      "estimatedTime": "2-3 mins"
    },
    {
      "id": "poem_286",
      "name": "张祜：题金陵渡",
      "description": "金陵津渡小山楼，一宿行人自可愁。潮落夜江斜月里，两三星火是瓜...",
      "characters": "金陵津渡小山楼一宿行人自可愁潮落夜江斜月里两三星火是瓜州",
      "numCharacters": 28,
      "totalStrokes": 0,
      "difficulty": "hard",
      "maxHP": 200,
      "estimatedTime": "2-3 mins"
    },
    {
      "id": "poem_287",
      "name": "朱庆馀：宫词",
      "description": "寂寂花时闭院门，美人相并立琼轩。含情欲说宫中事，鹦鹉前头不敢...",
      "characters": "寂寂花时闭院门美人相并立琼轩含情欲说宫中事鹦鹉前头不敢言",
      "numCharacters": 28,
      "totalStrokes": 0,
      "difficulty": "hard",
      "maxHP": 200,
      "estimatedTime": "2-3 mins"
    },
    {
      "id": "poem_288",
      "name": "朱庆馀：近试上张水部",
      "description": "洞房昨夜停红烛，待晓堂前拜舅姑。妆罢低声问夫婿，画眉深浅入时...",
      "characters": "洞房昨夜停红烛待晓堂前拜舅姑妆罢低声问夫婿画眉深浅入时无",
      "numCharacters": 28,
      "totalStrokes": 0,
      "difficulty": "hard",
      "maxHP": 200,
      "estimatedTime": "2-3 mins"
    },
    {
      "id": "poem_289",
      "name": "杜牧：将赴吴兴登乐游原",
      "description": "清时有味是无能，闲爱孤云静爱僧。欲把一麾江海去，乐游原上望昭...",
      "characters": "清时有味是无能闲爱孤云静爱僧欲把一麾江海去乐游原上望昭陵",
      "numCharacters": 28,
      "totalStrokes": 0,
      "difficulty": "hard",
      "maxHP": 200,
      "estimatedTime": "2-3 mins"
    },
    {
      "id": "poem_290",
      "name": "杜牧：赤壁",
      "description": "折戟沈沙铁未销，自将磨洗认前朝。东风不与周郎便，铜雀春深销二...",
      "characters": "折戟沈沙铁未销自将磨洗认前朝东风不与周郎便铜雀春深销二乔",
      "numCharacters": 28,
      "totalStrokes": 0,
      "difficulty": "hard",
      "maxHP": 200,
      "estimatedTime": "2-3 mins"
    },
    {
      "id": "poem_291",
      "name": "杜牧：泊秦淮",
      "description": "烟笼寒水月笼沙，夜泊秦淮近酒家。商女不知亡国恨，隔江犹唱《后...",
      "characters": "烟笼寒水月笼沙夜泊秦淮近酒家商女不知亡国恨隔江犹唱后庭花",
      "numCharacters": 28,
      "totalStrokes": 0,
      "difficulty": "hard",
      "maxHP": 200,
      "estimatedTime": "2-3 mins"
    },
    {
      "id": "poem_292",
      "name": "杜牧：寄扬州韩绰判官",
      "description": "青山隐隐水迢迢，秋尽江南草未凋。二十四桥明月夜，玉人何处教吹...",
      "characters": "青山隐隐水迢迢秋尽江南草未凋二十四桥明月夜玉人何处教吹箫",
      "numCharacters": 28,
      "totalStrokes": 0,
      "difficulty": "hard",
      "maxHP": 200,
      "estimatedTime": "2-3 mins"
    },
    {
      "id": "poem_293",
      "name": "杜牧：遣怀",
      "description": "落魄江湖载酒行，楚腰纤细掌中轻。十年一觉扬州梦，赢得青楼薄幸...",
      "characters": "落魄江湖载酒行楚腰纤细掌中轻十年一觉扬州梦赢得青楼薄幸名",
      "numCharacters": 28,
      "totalStrokes": 0,
      "difficulty": "hard",
      "maxHP": 200,
      "estimatedTime": "2-3 mins"
    },
    {
      "id": "poem_294",
      "name": "杜牧：秋夕",
      "description": "银烛秋光冷画屏，轻罗小扇扑流萤。天阶夜色凉如水，坐看牵牛织女...",
      "characters": "银烛秋光冷画屏轻罗小扇扑流萤天阶夜色凉如水坐看牵牛织女星",
      "numCharacters": 28,
      "totalStrokes": 0,
      "difficulty": "hard",
      "maxHP": 200,
      "estimatedTime": "2-3 mins"
    },
    {
      "id": "poem_295",
      "name": "杜牧：赠别二首之一",
      "description": "娉娉袅袅十三馀，豆蔻梢头二月初。春风十里扬州路，卷上珠帘总不...",
      "characters": "娉娉袅袅十三馀豆蔻梢头二月初春风十里扬州路卷上珠帘总不如",
      "numCharacters": 28,
      "totalStrokes": 0,
      "difficulty": "hard",
      "maxHP": 200,
      "estimatedTime": "2-3 mins"
    },
    {
      "id": "poem_296",
      "name": "杜牧：赠别二首之二",
      "description": "多情却似总无情，唯觉樽前笑不成。蜡烛有心还惜别，替人垂泪到天...",
      "characters": "多情却似总无情唯觉樽前笑不成蜡烛有心还惜别替人垂泪到天明",
      "numCharacters": 28,
      "totalStrokes": 0,
      "difficulty": "hard",
      "maxHP": 200,
      "estimatedTime": "2-3 mins"
    },
    {
      "id": "poem_297",
      "name": "杜牧：金谷园",
      "description": "繁华事散逐香尘，流水无情草自春。日暮东风怨啼鸟，落花犹似坠楼...",
      "characters": "繁华事散逐香尘流水无情草自春日暮东风怨啼鸟落花犹似坠楼人",
      "numCharacters": 28,
      "totalStrokes": 0,
      "difficulty": "hard",
      "maxHP": 200,
      "estimatedTime": "2-3 mins"
    },
    {
      "id": "poem_298",
      "name": "李商隐：夜雨寄北",
      "description": "君问归期未有期，巴山夜雨涨秋池。何当共剪西窗烛，却话巴山夜雨...",
      "characters": "君问归期未有期巴山夜雨涨秋池何当共剪西窗烛却话巴山夜雨时",
      "numCharacters": 28,
      "totalStrokes": 0,
      "difficulty": "hard",
      "maxHP": 200,
      "estimatedTime": "2-3 mins"
    },
    {
      "id": "poem_299",
      "name": "李商隐：寄令狐郎中",
      "description": "嵩云秦树久离居，双鲤迢迢一纸笔。休问梁园旧宾客，茂陵秋雨病相...",
      "characters": "嵩云秦树久离居双鲤迢迢一纸笔休问梁园旧宾客茂陵秋雨病相如",
      "numCharacters": 28,
      "totalStrokes": 0,
      "difficulty": "hard",
      "maxHP": 200,
      "estimatedTime": "2-3 mins"
    },
    {
      "id": "poem_300",
      "name": "李商隐：为有",
      "description": "为有云屏无限娇，凤城寒尽怕春宵。无端嫁得金龟婿，辜负香衾事早...",
      "characters": "为有云屏无限娇凤城寒尽怕春宵无端嫁得金龟婿辜负香衾事早朝",
      "numCharacters": 28,
      "totalStrokes": 0,
      "difficulty": "hard",
      "maxHP": 200,
      "estimatedTime": "2-3 mins"
    },
    {
      "id": "poem_301",
      "name": "李商隐：隋宫",
      "description": "乘兴南游不戒严，九重谁省谏书函？春风举国裁宫锦，半作障泥半作...",
      "characters": "乘兴南游不戒严九重谁省谏书函春风举国裁宫锦半作障泥半作帆",
      "numCharacters": 28,
      "totalStrokes": 0,
      "difficulty": "hard",
      "maxHP": 200,
      "estimatedTime": "2-3 mins"
    },
    {
      "id": "poem_302",
      "name": "李商隐：瑶池",
      "description": "瑶池阿母绮窗开，黄竹歌声动地哀。八骏日行三万里，穆王何事不重...",
      "characters": "瑶池阿母绮窗开黄竹歌声动地哀八骏日行三万里穆王何事不重来",
      "numCharacters": 28,
      "totalStrokes": 0,
      "difficulty": "hard",
      "maxHP": 200,
      "estimatedTime": "2-3 mins"
    },
    {
      "id": "poem_303",
      "name": "李商隐：嫦娥",
      "description": "云母屏风烛影深，长河渐落晓星沈。嫦娥应悔偷灵药，碧海青天夜夜...",
      "characters": "云母屏风烛影深长河渐落晓星沈嫦娥应悔偷灵药碧海青天夜夜心",
      "numCharacters": 28,
      "totalStrokes": 0,
      "difficulty": "hard",
      "maxHP": 200,
      "estimatedTime": "2-3 mins"
    },
    {
      "id": "poem_304",
      "name": "李商隐：贾生",
      "description": "宣室求贤访逐臣，贾生才调更无伦。可怜夜半虚前席，不问苍生问鬼...",
      "characters": "宣室求贤访逐臣贾生才调更无伦可怜夜半虚前席不问苍生问鬼神",
      "numCharacters": 28,
      "totalStrokes": 0,
      "difficulty": "hard",
      "maxHP": 200,
      "estimatedTime": "2-3 mins"
    },
    {
      "id": "poem_305",
      "name": "温庭筠：瑶瑟怨",
      "description": "冰簟银床梦不成，碧天如水夜云轻。雁声远过潇湘去，十二楼中月自...",
      "characters": "冰簟银床梦不成碧天如水夜云轻雁声远过潇湘去十二楼中月自明",
      "numCharacters": 28,
      "totalStrokes": 0,
      "difficulty": "hard",
      "maxHP": 200,
      "estimatedTime": "2-3 mins"
    },
    {
      "id": "poem_306",
      "name": "郑畋：马嵬坡",
      "description": "玄宗回马杨妃死，云雨难忘日月新。终是圣明天子事，景阳宫井又何...",
      "characters": "玄宗回马杨妃死云雨难忘日月新终是圣明天子事景阳宫井又何人",
      "numCharacters": 28,
      "totalStrokes": 0,
      "difficulty": "hard",
      "maxHP": 200,
      "estimatedTime": "2-3 mins"
    },
    {
      "id": "poem_307",
      "name": "韩□：已凉",
      "description": "碧阑干外绣帘垂，猩色屏风画折枝。八尺龙须方锦褥，已凉天气未寒...",
      "characters": "碧阑干外绣帘垂猩色屏风画折枝八尺龙须方锦褥已凉天气未寒时",
      "numCharacters": 28,
      "totalStrokes": 0,
      "difficulty": "hard",
      "maxHP": 200,
      "estimatedTime": "2-3 mins"
    },
    {
      "id": "poem_308",
      "name": "韦庄：金陵图",
      "description": "江雨霏霏江草齐，六朝如梦鸟空啼。无情最是台城柳，依旧烟笼十里...",
      "characters": "江雨霏霏江草齐六朝如梦鸟空啼无情最是台城柳依旧烟笼十里堤",
      "numCharacters": 28,
      "totalStrokes": 0,
      "difficulty": "hard",
      "maxHP": 200,
      "estimatedTime": "2-3 mins"
    },
    {
      "id": "poem_309",
      "name": "陈陶：陇西行",
      "description": "誓扫匈奴不顾身，五千貂锦丧胡尘。可怜无定河边骨，犹是深闺梦里...",
      "characters": "誓扫匈奴不顾身五千貂锦丧胡尘可怜无定河边骨犹是深闺梦里人",
      "numCharacters": 28,
      "totalStrokes": 0,
      "difficulty": "hard",
      "maxHP": 200,
      "estimatedTime": "2-3 mins"
    },
    {
      "id": "poem_310",
      "name": "张泌：寄人",
      "description": "别梦依依到谢家，小廊回合曲阑斜。多情只有春庭月，犹为离人照落...",
      "characters": "别梦依依到谢家小廊回合曲阑斜多情只有春庭月犹为离人照落花",
      "numCharacters": 28,
      "totalStrokes": 0,
      "difficulty": "hard",
      "maxHP": 200,
      "estimatedTime": "2-3 mins"
    },
    {
      "id": "poem_311",
      "name": "无名氏：杂诗",
      "description": "尽寒食雨草萋萋，著麦苗风柳映堤。等是有家归未得，杜鹃休向耳边...",
      "characters": "尽寒食雨草萋萋著麦苗风柳映堤等是有家归未得杜鹃休向耳边啼",
      "numCharacters": 28,
      "totalStrokes": 0,
      "difficulty": "hard",
      "maxHP": 200,
      "estimatedTime": "2-3 mins"
    },
    {
      "id": "poem_312",
      "name": "王维：渭城曲",
      "description": "渭城朝雨邑轻尘，客舍青青柳色新。劝君更尽一杯酒，西出阳...",
      "characters": "渭城朝雨邑轻尘客舍青青柳色新劝君更尽一杯酒西出阳关无故人",
      "numCharacters": 28,
      "totalStrokes": 0,
      "difficulty": "hard",
      "maxHP": 200,
      "estimatedTime": "2-3 mins"
    },
    {
      "id": "poem_313",
      "name": "王维：秋夜曲",
      "description": "桂魄初生秋露微，轻罗已薄未更衣。银筝夜久殷勤弄，心怯空房不忍...",
      "characters": "桂魄初生秋露微轻罗已薄未更衣银筝夜久殷勤弄心怯空房不忍归",
      "numCharacters": 28,
      "totalStrokes": 0,
      "difficulty": "hard",
      "maxHP": 200,
      "estimatedTime": "2-3 mins"
    },
    {
      "id": "poem_314",
      "name": "王昌龄：长信怨",
      "description": "奉帚平明金殿开，且将团扇共徘徊。玉颜不及寒鸦色，犹带昭阳日影...",
      "characters": "奉帚平明金殿开且将团扇共徘徊玉颜不及寒鸦色犹带昭阳日影来",
      "numCharacters": 28,
      "totalStrokes": 0,
      "difficulty": "hard",
      "maxHP": 200,
      "estimatedTime": "2-3 mins"
    },
    {
      "id": "poem_315",
      "name": "王昌龄：出塞",
      "description": "秦时明月汉时关，万里长征人未还。但使龙城飞将在，不教胡马渡阴...",
      "characters": "秦时明月汉时关万里长征人未还但使龙城飞将在不教胡马渡阴山",
      "numCharacters": 28,
      "totalStrokes": 0,
      "difficulty": "hard",
      "maxHP": 200,
      "estimatedTime": "2-3 mins"
    },
    {
      "id": "poem_316",
      "name": "王之涣：出塞",
      "description": "黄河远上白云间，一片孤城万仞山。羌笛何须怨杨柳？春风不度玉门...",
      "characters": "黄河远上白云间一片孤城万仞山羌笛何须怨杨柳春风不度玉门关",
      "numCharacters": 28,
      "totalStrokes": 0,
      "difficulty": "hard",
      "maxHP": 200,
      "estimatedTime": "2-3 mins"
    },
    {
      "id": "poem_317",
      "name": "李白：清平调三首之一",
      "description": "云想衣裳花想容，春风拂槛露华浓。若非群玉山头见，会向瑶台月下...",
      "characters": "云想衣裳花想容春风拂槛露华浓若非群玉山头见会向瑶台月下逢",
      "numCharacters": 28,
      "totalStrokes": 0,
      "difficulty": "hard",
      "maxHP": 200,
      "estimatedTime": "2-3 mins"
    },
    {
      "id": "poem_318",
      "name": "李白：清平调三首之二",
      "description": "一枝红艳露凝香，云雨巫山枉断肠。借问汉宫谁得似？可怜飞燕倚新...",
      "characters": "一枝红艳露凝香云雨巫山枉断肠借问汉宫谁得似可怜飞燕倚新妆",
      "numCharacters": 28,
      "totalStrokes": 0,
      "difficulty": "hard",
      "maxHP": 200,
      "estimatedTime": "2-3 mins"
    },
    {
      "id": "poem_319",
      "name": "李白：清平调三首之三",
      "description": "名花倾国两相欢，常得君王带笑看。解释春风无限恨，沈香亭北倚阑...",
      "characters": "名花倾国两相欢常得君王带笑看解释春风无限恨沈香亭北倚阑干",
      "numCharacters": 28,
      "totalStrokes": 0,
      "difficulty": "hard",
      "maxHP": 200,
      "estimatedTime": "2-3 mins"
    },
    {
      "id": "poem_320",
      "name": "杜秋娘：金缕衣",
      "description": "劝君莫惜金缕衣，劝君惜取少年时。花开堪折直须折，莫待无花空折...",
      "characters": "劝君莫惜金缕衣劝君惜取少年时花开堪折直须折莫待无花空折枝",
      "numCharacters": 28,
      "totalStrokes": 0,
      "difficulty": "hard",
      "maxHP": 200,
      "estimatedTime": "2-3 mins"
    }
  ],
  "difficulties": {
    "easy": {
      "punishmentMultiplier": 0.2,
      "perfectHPBonus": 5.0,
      "strokesPerCharacter": 10
    },
    "medium": {
      "punishmentMultiplier": 1.5,
      "perfectHPBonus": 1,
      "strokesPerCharacter": 15
    },
    "hard": {
      "punishmentMultiplier": 2,
      "perfectHPBonus": 0,
      "strokesPerCharacter": 20
    }
  },
  "gameSettings": {
    "defaultMaxHP": 100,
    "hpDecreasePerStroke": 2,
    "perfectAngleThreshold": 30
  }
}